iter	MultiClass
0	6.477286502
1	6.457694596
2	6.436148796
3	6.41702042
4	6.399599673
5	6.378775441
6	6.354762622
7	6.332969516
8	6.313345697
9	6.293754148
